,Chr,Start,End,Ref,Alt,Func.refgene,Gene.refgene,GeneDetail.refgene,ExonicFunc.refgene,AAChange.refgene,1000G_ALL,1000G_AFR,1000G_AMR,1000G_EAS,1000G_EUR,1000G_SAS,ExAC_Freq,ExAC_AFR,ExAC_AMR,ExAC_EAS,ExAC_FIN,ExAC_NFE,ExAC_OTH,ExAC_SAS,ESP6500si_ALL,ESP6500si_AA,ESP6500si_EA,CG46,NCI60,dbSNP,COSMIC_ID,COSMIC_DIS,ClinVar_SIG,ClinVar_DIS,ClinVar_ID,ClinVar_DB,ClinVar_DBID,GWAS_DIS,GWAS_OR,GWAS_BETA,GWAS_PUBMED,GWAS_SNP,GWAS_P,SIFT_score,SIFT_converted_rankscore,SIFT_pred,Polyphen2_HDIV_score,Polyphen2_HDIV_rankscore,Polyphen2_HDIV_pred,Polyphen2_HVAR_score,Polyphen2_HVAR_rankscore,Polyphen2_HVAR_pred,LRT_score,LRT_converted_rankscore,LRT_pred,MutationTaster_score,MutationTaster_converted_rankscore,MutationTaster_pred,MutationAssessor_score,MutationAssessor_score_rankscore,MutationAssessor_pred,FATHMM_score,FATHMM_converted_rankscore,FATHMM_pred,PROVEAN_score,PROVEAN_converted_rankscore,PROVEAN_pred,VEST3_score,VEST3_rankscore,MetaSVM_score,MetaSVM_rankscore,MetaSVM_pred,MetaLR_score,MetaLR_rankscore,MetaLR_pred,M-CAP_score,M-CAP_rankscore,M-CAP_pred,CADD_raw,CADD_raw_rankscore,CADD_phred,DANN_score,DANN_rankscore,fathmm-MKL_coding_score,fathmm-MKL_coding_rankscore,fathmm-MKL_coding_pred,Eigen_coding_or_noncoding,Eigen-raw,Eigen-PC-raw,GenoCanyon_score,GenoCanyon_score_rankscore,integrated_fitCons_score,integrated_fitCons_score_rankscore,integrated_confidence_value,GERP++_RS,GERP++_RS_rankscore,phyloP100way_vertebrate,phyloP100way_vertebrate_rankscore,phyloP20way_mammalian,phyloP20way_mammalian_rankscore,phastCons100way_vertebrate,phastCons100way_vertebrate_rankscore,phastCons20way_mammalian,phastCons20way_mammalian_rankscore,SiPhy_29way_logOdds,SiPhy_29way_logOdds_rankscore,Interpro_domain,GTEx_V6_gene,GTEx_V6_tissue,gnomAD_exome_ALL,gnomAD_exome_AFR,gnomAD_exome_AMR,gnomAD_exome_ASJ,gnomAD_exome_EAS,gnomAD_exome_FIN,gnomAD_exome_NFE,gnomAD_exome_OTH,gnomAD_exome_SAS,gnomAD_genome_ALL,gnomAD_genome_AFR,gnomAD_genome_AMR,gnomAD_genome_ASJ,gnomAD_genome_EAS,gnomAD_genome_FIN,gnomAD_genome_NFE,gnomAD_genome_OTH,Otherinfo,Otherinfo.1,Otherinfo.2,Otherinfo.3,Otherinfo.4,Otherinfo.5,Otherinfo.6,Otherinfo.7,Otherinfo.8,Otherinfo.9,Otherinfo.10,Otherinfo.11,Otherinfo.12
4558,chr3,197870273,197870273,C,T,exonic,LRCH3,,nonsynonymous SNV,LRCH3:NM_032773:exon18:c.C1987T:p.R663C,0.0018,,,0.0089,,,0.0007,0,0,0.0061,0,0.0003,0,0.0002,0.0005,,0.0007,,0.0082,rs141761986,COSM1043206,1(endometrium),,,,,,,,,,,,0.0,0.912,D,1.0,0.899,D,0.993,0.916,D,0.000,0.629,D,1.000,0.588,D,3.175,0.890,M,-3.64,0.951,D,-7.36,0.964,D,0.828,0.816,1.095,0.994,D,0.941,0.981,D,0.450,0.944,D,7.803,0.955,35.0,0.999,0.993,0.970,0.721,D,c,0.837,0.732,0.774,0.237,0.707,0.730,0,5.43,0.789,3.751,0.546,0.935,0.490,0.995,0.385,0.852,0.355,17.070,0.864,Calponin homology domain,,,0.0007,0,2.978e-05,0.0044,0.0068,0,7.166e-05,0.0004,0.0001,0.0004,0,0,0,0.0074,0,0,0,het,222.0,117,chr3,197870273,,C,T,222.0,,"DP=117;VDB=0.000670154;SGB=-0.693147;RPB=0.979031;MQB=1;MQSB=1;BQB=0.575695;MQ0F=0;ICB=1;HOB=0.5;AC=1;AN=2;DP4=13,42,11,42;MQ=60",GT:PL,"0/1:255,0,255"
13013,chr12,113162948,113162948,G,A,exonic,DDX54,,nonsynonymous SNV,"DDX54:NM_001111322:exon17:c.C2179T:p.R727W,DDX54:NM_024072:exon17:c.C2179T:p.R727W",0.0004,,,0.002,,,6.957e-05,0,0,0.0008,0,0,0,7.717e-05,,,,,,rs199780486,,,,,,,,,,,,,,0.002,0.721,D,0.99,0.629,D,0.663,0.551,P,0.566,0.113,N,0.535,0.320,D,1.645,0.421,L,2.74,0.117,T,-3.97,0.736,D,0.222,0.509,-1.040,0.173,T,0.061,0.255,T,0.020,0.430,T,7.821,0.956,35.0,0.999,0.979,0.945,0.612,D,c,0.508,0.483,1.000,0.747,0.707,0.730,0,4.46,0.534,5.735,0.680,1.038,0.658,1.000,0.715,0.983,0.502,11.385,0.488,DBP10CT,,,7.209e-05,0,0,0,0.0007,0,0,0,0.0002,9.701e-05,0.0001,0,0,0.0012,0,0,0,het,222.0,52,chr12,113162948,,G,A,222.0,,"DP=52;VDB=0.658104;SGB=-0.692976;RPB=1;MQB=1;MQSB=1;BQB=0.809783;MQ0F=0;ICB=1;HOB=0.5;AC=1;AN=2;DP4=7,8,17,9;MQ=60",GT:PL,"0/1:255,0,218"
928,chr1,92694370,92694370,G,A,exonic,EVI5,,nonsynonymous SNV,EVI5:NM_005665:exon8:c.C1060T:p.R354C,0.0008,,,0.004,,,0.0006,9.643e-05,0,0.0067,0,0.0002,0,0.0002,0.0002,,0.0002,,,rs117711462,,,,,,,,,,,,,,0.056,0.381,T,1.0,0.899,D,0.997,0.875,D,0.000,0.843,D,1,0.810,D,3.17,0.889,M,1.85,0.245,T,-6.67,0.923,D,0.939,0.950,-0.648,0.628,T,0.184,0.533,T,0.061,0.682,D,7.933,0.956,35.0,0.999,0.970,0.991,0.911,D,c,0.889,0.828,1.000,0.747,0.732,0.924,0,5.2,0.716,8.145,0.895,1.048,0.713,1.000,0.715,0.999,0.750,18.748,0.917,Rab-GTPase-TBC domain,,,0.0006,0.0001,3.151e-05,0,0.0063,0,0.0003,0.0002,0.0001,0.0006,0.0001,0,0,0.0086,0,0.0003,0,het,222.0,84,chr1,92694370,,G,A,222.0,,"DP=84;VDB=0.0165748;SGB=-0.693127;RPB=0.751936;MQB=1;MQSB=1;BQB=0.629182;MQ0F=0;ICB=1;HOB=0.5;AC=1;AN=2;DP4=17,21,17,16;MQ=60",GT:PL,"0/1:255,0,255"
13462,chr13,101107497,101107497,G,A,exonic,NALCN,,nonsynonymous SNV,NALCN:NM_052867:exon22:c.C2569T:p.R857C,0.0002,,,0.001,,,4.946e-05,0.0002,0.0003,0,0,0,0,6.056e-05,0.0001,,0.0001,,,rs202228674,,,,,,,,,,,,,,0.0,0.912,D,1.0,0.899,D,0.994,0.807,D,0.000,0.843,D,1,0.810,D,1.545,0.392,L,-4.61,0.979,D,-6.32,0.908,D,0.934,0.927,1.067,0.985,D,0.951,0.984,D,0.230,0.882,D,8.252,0.958,35.0,0.999,0.999,0.991,0.915,D,c,0.873,0.861,1.000,0.747,0.638,0.428,0,5.61,0.853,9.889,0.986,0.953,0.551,1.000,0.715,0.989,0.536,19.657,0.958,,,,5.283e-05,0.0001,0.0001,0,5.802e-05,0,2.689e-05,0.0002,3.249e-05,,,,,,,,,het,222.0,176,chr13,101107497,,G,A,222.0,,"DP=176;VDB=0.441858;SGB=-0.693147;RPB=0.0282641;MQB=1;MQSB=1;BQB=0.849744;MQ0F=0;ICB=1;HOB=0.5;AC=1;AN=2;DP4=73,17,52,16;MQ=60",GT:PL,"0/1:255,0,255"
16475,chr17,75918193,75918193,C,T,exonic,FBF1,,nonsynonymous SNV,FBF1:NM_001080542:exon20:c.G2170A:p.D724N,,,,,,,1.708e-05,0,0,0,0,1.547e-05,0,6.187e-05,0.0001,,0.0001,,,rs201312076,,,,,,,,,,,,,,0.081,0.334,T,0.999,0.899,D,0.914,0.971,D,,,,1.000,0.487,D,2.2,0.622,M,2.04,0.208,T,-3.06,0.630,D,0.047,0.028,-1.005,0.283,T,0.131,0.443,T,0.048,0.632,D,7.470,0.952,34.0,0.999,0.971,0.911,0.525,D,c,0.585,0.562,1.000,0.427,0.706,0.609,0,5.19,0.713,4.510,0.599,0.066,0.173,1.000,0.715,0.794,0.334,18.304,0.901,,,,8.175e-06,0,0,0,0,0,9.022e-06,0,3.253e-05,,,,,,,,,hom,5.7567699999999995,1,chr17,75918193,,C,T,5.7567699999999995,,"DP=1;SGB=-0.379885;MQ0F=0;AC=2;AN=2;DP4=0,0,0,1;MQ=60",GT:PL,"1/1:34,3,0"
7250,chr6,152293733,152293733,C,T,exonic,SYNE1,,nonsynonymous SNV,"SYNE1:NM_033071:exon94:c.G17654A:p.R5885H,SYNE1:NM_182961:exon95:c.G17867A:p.R5956H",0.001,0.0008,,0.004,,,0.0003,0.0003,0,0.0044,0,0,0,6.057e-05,,,,,,rs80265744,,,Likely benign|Likely benign,Cerebellar_ataxia|Emery-Dreifuss_muscular_dystrophy,RCV000301119.1|RCV000356051.1,MedGen:Orphanet:SNOMED_CT,C0410189:ORPHA261:111508004,,,,,,,0.008,0.614,D,0.999,0.899,D,0.845,0.745,P,0.000,0.523,D,0.997,0.462,D,2.015,0.552,M,1.28,0.360,T,-2.34,0.764,N,0.431,0.559,-0.858,0.514,T,0.165,0.503,T,0.031,0.530,D,7.608,0.954,34.0,0.999,0.993,0.886,0.484,D,c,0.614,0.602,1.000,0.489,0.615,0.372,0,5.37,0.769,2.378,0.437,0.852,0.362,0.975,0.345,0.993,0.574,19.116,0.933,,,,0.0004,0.0003,0,0,0.0052,0,0,0,3.249e-05,0.0003,0.0005,0,0,0.0034,0,0,0,het,222.0,105,chr6,152293733,,C,T,222.0,,"DP=105;VDB=0.379813;SGB=-0.693141;RPB=0.775312;MQB=1;MQSB=1;BQB=0.596317;MQ0F=0;ICB=1;HOB=0.5;AC=1;AN=2;DP4=12,41,8,29;MQ=60",GT:PL,"0/1:255,0,255"
15977,chr17,36507132,36507132,C,T,exonic,MYO19,,nonsynonymous SNV,MYO19:NM_001163735:exon17:c.G1475A:p.R492H,,,,,,,4.294e-05,0.0001,0,0,0,6.162e-05,0,0,,,,,,rs757720951,,,,,,,,,,,,,,,,,1.0,0.899,D,0.995,0.818,D,,,,1.000,0.810,D,2.155,0.604,M,,,,,,,0.507,0.566,0.982,0.969,D,0.899,0.966,D,0.085,0.745,D,7.484,0.952,34.0,0.999,0.995,0.963,0.682,D,c,0.561,0.516,0.999,0.396,0.707,0.730,0,4.28,0.500,3.712,0.544,0.852,0.362,1.000,0.715,1.000,0.888,14.635,0.681,Myosin head\x2c motor domain|P-loop containing nucleoside triphosphate hydrolase,,,2.895e-05,6.572e-05,0,0,0,0,5.487e-05,0,0,3.234e-05,0,0,0,0,0,6.676e-05,0,hom,6.51248,1,chr17,36507132,,C,T,6.51248,,"DP=1;SGB=-0.379885;MQ0F=0;AC=2;AN=2;DP4=0,0,0,1;MQ=60",GT:PL,"1/1:35,3,0"
7204,chr6,149676633,149676633,G,A,exonic,LATS1,,nonsynonymous SNV,LATS1:NM_004690:exon6:c.C2698T:p.R900C,0.0002,,,0.001,,,1.658e-05,0,0,0.0001,0,0,0,6.13e-05,,,,,,rs200080860,,,,,,,,,,,,,,0.0,0.912,D,1.0,0.899,D,0.99,0.774,D,0.000,0.629,D,1,0.810,D,2.515,0.735,M,2.9,0.101,T,-6.81,0.929,D,0.864,0.851,-1.151,0.010,T,0.073,0.295,T,0.065,0.695,D,7.497,0.952,34.0,0.999,0.999,0.975,0.752,D,c,0.804,0.794,0.994,0.336,0.707,0.730,0,5.81,0.924,6.213,0.719,1.048,0.713,1.000,0.715,0.997,0.653,20.083,0.978,Protein kinase domain|Protein kinase-like domain|Serine/threonine/dual specificity protein kinase\x2c catalytic  domain,,,1.219e-05,0,0,0,5.798e-05,0,0,0,6.501e-05,3.228e-05,0.0001,0,0,0,0,0,0,het,219.0,63,chr6,149676633,,G,A,219.0,,"DP=63;VDB=0.346315;SGB=-0.69312;RPB=0.529978;MQB=1;MQSB=1;BQB=0.891649;MQ0F=0;ICB=1;HOB=0.5;AC=1;AN=2;DP4=19,11,28,4;MQ=60",GT:PL,"0/1:252,0,255"
19406,chr21,31968327,31968327,C,T,exonic,HUNK,,nonsynonymous SNV,HUNK:NM_014586:exon6:c.C952T:p.R318C,0.0004,,,0.002,,,9.061e-05,0,0,0.0013,0,0,0,0,,,,,,rs192440238,COSM2842879,1(skin),,,,,,,,,,,,0.001,0.784,D,1.0,0.899,D,0.971,0.708,D,0.036,0.245,N,1.000,0.537,D,1.585,0.400,L,1.82,0.250,T,-4.75,0.802,D,0.094,0.487,-0.478,0.695,T,0.294,0.665,T,0.033,0.548,D,7.487,0.952,34.0,0.999,0.990,0.822,0.412,D,c,0.219,0.295,0.774,0.237,0.657,0.484,0,4.49,0.540,3.145,0.501,0.065,0.171,0.996,0.391,0.998,0.697,10.418,0.433,Protein kinase domain|Protein kinase-like domain|Serine/threonine/dual specificity protein kinase\x2c catalytic  domain,,,4.062e-05,0,0,0,0.0006,0,0,0,0,,,,,,,,,het,222.0,105,chr21,31968327,,C,T,222.0,,"DP=105;VDB=0.899062;SGB=-0.693147;RPB=0.966558;MQB=1;MQSB=1;BQB=0.540396;MQ0F=0;ICB=1;HOB=0.5;AC=1;AN=2;DP4=14,25,18,36;MQ=60",GT:PL,"0/1:255,0,255"
17408,chr19,11204268,11204268,G,A,exonic,DOCK6,,nonsynonymous SNV,DOCK6:NM_020812:exon40:c.C5152T:p.R1718C,,,,,,,1.729e-05,0.0002,0,0,0,0,0,0,,,,,,rs756376586,,,,,,,,,,,,,,0.0,0.912,D,1.0,0.899,D,0.999,0.916,D,0.000,0.629,D,1,0.810,D,3.175,0.890,M,2.4,0.156,T,-7.36,0.946,D,0.694,0.699,-0.499,0.687,T,0.230,0.596,T,0.111,0.789,D,7.333,0.949,34.0,0.999,0.995,0.871,0.462,D,c,0.546,0.449,1.000,0.747,0.722,0.854,0,3.81,0.429,1.958,0.398,0.078,0.186,1.000,0.715,0.990,0.544,13.951,0.635,DHR-2 domain|Dedicator of cytokinesis\x2c C-terminal,,,8.688e-06,7.338e-05,0,0,0,0,9.681e-06,0,0,,,,,,,,,hom,7.30814,1,chr19,11204268,,G,A,7.30814,,"DP=1;SGB=-0.379885;MQ0F=0;AC=2;AN=2;DP4=0,0,0,1;MQ=60",GT:PL,"1/1:36,3,0"
11783,chr11,72294090,72294090,G,A,exonic,CLPB,,nonsynonymous SNV,"CLPB:NM_001258393:exon14:c.C1630T:p.R544C,CLPB:NM_001258392:exon15:c.C1717T:p.R573C,CLPB:NM_030813:exon16:c.C1807T:p.R603C,CLPB:NM_001258394:exon17:c.C1672T:p.R558C",0.0002,,,0.001,,,8.393e-06,0,0,0,0,1.517e-05,0,0,,,,,,rs186989806,,,,,,,,,,,,,,0.005,0.654,D,0.999,0.899,D,0.761,0.693,P,0.000,0.537,D,1.000,0.516,D,2.045,0.562,M,1.53,0.304,T,-4.83,0.819,D,0.699,0.718,-0.841,0.526,T,0.171,0.513,T,0.036,0.571,D,7.557,0.953,34.0,0.999,0.998,0.901,0.508,D,c,0.728,0.715,1.000,0.500,0.707,0.730,0,5.42,0.786,5.160,0.645,1.048,0.713,1.000,0.715,0.998,0.697,13.644,0.616,ATPase\x2c AAA-type\x2c core|P-loop containing nucleoside triphosphate hydrolase;Clp ATPase\x2c C-terminal|P-loop containing nucleoside triphosphate hydrolase,,,1.221e-05,0,0,0,0,0,1.797e-05,0.0002,0,,,,,,,,,het,222.0,193,chr11,72294090,,G,A,222.0,,"DP=193;VDB=0.398971;SGB=-0.693147;RPB=0.994459;MQB=1;MQSB=1;BQB=0.975079;MQ0F=0;ICB=1;HOB=0.5;AC=1;AN=2;DP4=42,31,48,38;MQ=60",GT:PL,"0/1:255,0,255"
14988,chr16,19072014,19072014,C,T,exonic,COQ7,,nonsynonymous SNV,"COQ7:NM_001190983:exon2:c.C46T:p.R16W,COQ7:NM_016138:exon2:c.C160T:p.R54W",0.0002,,,0.001,,,1.647e-05,0,8.637e-05,0.0001,0,0,0,0,,,,,,rs199844241,,,,,,,,,,,,,,0.008,0.599,D,0.969,0.548,D,0.319,0.399,B,0.000,0.843,D,1,0.810,D,4.045,0.971,H,-0.4,0.693,T,-7.6,0.954,D,0.96,0.958,0.028,0.828,D,0.391,0.745,T,0.143,0.826,D,7.179,0.945,34.0,0.997,0.797,0.931,0.571,D,c,0.354,0.338,1.000,0.517,0.744,0.983,0,4.78,0.605,2.255,0.426,0.044,0.157,1.000,0.715,0.985,0.512,13.229,0.592,Ferritin-like superfamily;Ferritin-like superfamily|Ferritin-related,,,8.121e-06,0,2.978e-05,0,5.798e-05,0,0,0,0,3.229e-05,0,0,0,0,0,6.662e-05,0,het,222.0,128,chr16,19072014,,C,T,222.0,,"DP=128;VDB=0.360121;SGB=-0.693147;RPB=0.962162;MQB=1;MQSB=1;BQB=0.874863;MQ0F=0;ICB=1;HOB=0.5;AC=1;AN=2;DP4=12,47,17,35;MQ=60",GT:PL,"0/1:255,0,255"
10641,chr10,133288233,133288233,G,A,exonic,TUBGCP2,,nonsynonymous SNV,"TUBGCP2:NM_001256618:exon10:c.C1228T:p.R410W,TUBGCP2:NM_006659:exon11:c.C1618T:p.R540W,TUBGCP2:NM_001256617:exon12:c.C1702T:p.R568W",0.0004,,,0.002,,,6.676e-05,0,0,0.0006,0,0,0,0.0002,,,,,,rs200192740,,,,,,,,,,,,,,0.009,0.599,D,0.995,0.670,D,0.663,0.551,P,0.000,0.629,D,0.997,0.227,N,2.515,0.735,M,3.0,0.092,T,-3.52,0.729,D,0.323,0.384,-1.027,0.215,T,0.062,0.260,T,0.018,0.396,T,6.928,0.933,33.0,0.999,0.978,0.867,0.458,D,c,0.326,0.232,0.001,0.081,0.707,0.730,0,0.031,0.134,4.027,0.567,0.112,0.206,1.000,0.715,0.984,0.507,14.317,0.659,,,,8.954e-05,0,0,0,0.0010,0,0,0.0002,9.747e-05,0.0002,0,0,0,0.0031,0,0,0,het,169.0,35,chr10,133288233,,G,A,169.0,,"DP=35;VDB=0.155969;SGB=-0.692067;RPB=0.255166;MQB=1;MQSB=1;BQB=0.672998;MQ0F=0;ICB=1;HOB=0.5;AC=1;AN=2;DP4=1,7,2,18;MQ=60",GT:PL,"0/1:202,0,124"
5808,chr5,140834522,140834522,C,T,exonic,PCDHA7,,nonsynonymous SNV,"PCDHA7:NM_018910:exon1:c.C139T:p.R47C,PCDHA7:NM_031852:exon1:c.C139T:p.R47C",0.0014,,,0.0069,,,0.0003,0.0002,0,0.0036,0,0,0,0,,,,,,rs200308248,,,,,,,,,,,,,,0.0,0.912,D,1.0,0.899,D,0.984,0.850,D,,,,1,0.810,D,2.89,0.840,M,1.63,0.280,T,-7.54,0.955,D,0.797,0.797,-0.577,0.658,T,0.209,0.569,T,0.134,0.818,D,7.011,0.938,33.0,0.999,0.982,0.511,0.286,D,c,0.377,0.223,0.320,0.194,0.622,0.393,0,3.23,0.360,0.143,0.158,0.785,0.317,0.000,0.063,0.999,0.750,11.845,0.515,Cadherin|Cadherin\x2c N-terminal|Cadherin-like,,,0.0003,6.542e-05,0,0,0.0046,0,0,0,0,0.0004,0.0001,0,0,0.0062,0,0,0,het,222.0,122,chr5,140834522,,C,T,222.0,,"DP=122;VDB=0.0157412;SGB=-0.693147;RPB=0.999279;MQB=0.64333;MQSB=0.954063;BQB=0.64333;MQ0F=0.00819672;ICB=1;HOB=0.5;AC=1;AN=2;DP4=40,13,33,14;MQ=57",GT:PL,"0/1:255,0,255"
19087,chr20,38132342,38132342,G,A,exonic,TGM2,,nonsynonymous SNV,TGM2:NM_004613:exon11:c.C1774T:p.R592W,0.0008,,,0.004,,,0.0004,0.0002,0,0.0044,0,4.499e-05,0.0011,0.0002,,,,,,rs201666703,,,,,,,,,,,,,,0.003,0.682,D,1.0,0.899,D,0.996,0.875,D,0.000,0.466,D,0.997,0.439,D,3.115,0.881,M,-0.42,0.695,T,-4.58,0.788,D,0.578,0.630,-0.174,0.783,T,0.370,0.730,T,0.225,0.880,D,7.063,0.940,33.0,0.999,0.981,0.816,0.407,D,c,0.468,0.349,0.999,0.388,0.722,0.854,0,2.3,0.276,2.460,0.444,1.048,0.713,1.000,0.715,0.998,0.697,10.771,0.453,Immunoglobulin-like fold|Transglutaminase\x2c C-terminal,,,0.0004,0.0002,8.933e-05,0,0.0048,0,4.477e-05,0.0005,0.0003,0.0003,0,0,0,0.0062,0,0,0,het,222.0,77,chr20,38132342,,G,A,222.0,,"DP=77;VDB=0.24107;SGB=-0.692831;RPB=0.72364;MQB=1;MQSB=1;BQB=0.607464;MQ0F=0;ICB=1;HOB=0.5;AC=1;AN=2;DP4=26,14,15,9;MQ=60",GT:PL,"0/1:255,0,255"
18123,chr19,44882324,44882324,C,T,exonic,PVRL2,,nonsynonymous SNV,PVRL2:NM_001042724:exon6:c.C1156T:p.R386W,,,,,,,0.0001,0,0,0,0.0007,9.555e-05,0,0.0001,0.0001,,0.0001,,,rs368892165,,,,,,,,,,,,,,0.001,0.784,D,0.999,0.764,D,0.635,0.501,P,0.998,0.080,N,1.000,0.482,D,0.55,0.145,N,1.13,0.386,T,-3.46,0.677,D,0.329,0.390,-0.940,0.426,T,0.123,0.425,T,0.036,0.566,D,7.088,0.941,33.0,0.999,0.967,0.580,0.303,D,c,0.065,0.043,0.000,0.053,0.635,0.413,0,0.859,0.181,0.522,0.225,0.837,0.341,0.967,0.338,0.989,0.536,13.825,0.627,,,,3.079e-05,0,0,0,0,0.0001,2.805e-05,0,4.534e-05,6.468e-05,0,0,0,0,0,0.0001,0,hom,8.99921,1,chr19,44882324,,C,T,8.99921,,"DP=1;SGB=-0.379885;MQ0F=0;AC=2;AN=2;DP4=0,0,0,1;MQ=60",GT:PL,"1/1:38,3,0"
577,chr1,39485571,39485571,G,A,exonic,MACF1,,nonsynonymous SNV,MACF1:NM_012090:exon93:c.G16070A:p.R5357Q,0.002,,,0.0089,0.001,,0.0009,0,0.0002,0.0082,0,0.0005,0.0011,0.0002,0.0002,,0.0003,,,rs77696779,,,,,,,,,,,,,,0.002,0.721,D,1.0,0.899,D,0.963,0.790,D,0.000,0.559,D,1,0.810,D,,,,-0.77,0.751,T,-3.32,0.684,D,0.115,0.531,-0.209,0.774,T,0.412,0.761,T,0.110,0.788,D,6.951,0.935,33.0,0.999,0.992,0.992,0.932,D,c,0.686,0.691,1.000,0.747,0.707,0.730,0,5.28,0.740,8.491,0.902,1.045,0.669,1.000,0.715,0.985,0.512,19.280,0.940,,,,0.0008,0,0.0001,0,0.0078,0,0.0004,0.0009,0.0002,0.0005,0,0,0,0.0068,0.0003,0.0002,0,het,222.0,64,chr1,39485571,,G,A,222.0,,"DP=64;VDB=0.547693;SGB=-0.693054;RPB=0.423245;MQB=1;MQSB=1;BQB=0.808537;MQ0F=0;ICB=1;HOB=0.5;AC=1;AN=2;DP4=25,7,20,8;MQ=60",GT:PL,"0/1:255,0,255"
5614,chr5,90840713,90840713,C,A,exonic,ADGRV1,,nonsynonymous SNV,ADGRV1:NM_032119:exon78:c.C16747A:p.P5583T,,,,,,,8.281e-06,0,0,0,0,1.498e-05,0,0,,,,,,rs777161065,,,,,,,,,,,,,,0.011,0.912,D,1.0,0.899,D,0.973,0.916,D,0.000,0.843,D,1.000,0.810,D,2.595,0.761,M,1.66,0.275,T,-4.6,0.816,D,0.641,0.841,-0.912,0.466,T,0.206,0.564,T,0.045,0.618,D,6.828,0.927,33.0,0.996,0.712,0.984,0.827,D,c,0.829,0.840,1.000,0.747,0.563,0.310,0,6.16,0.993,6.841,0.750,0.935,0.490,1.000,0.715,0.992,0.562,20.860,0.998,,,,4.062e-06,0,0,0,0,0,8.954e-06,0,0,,,,,,,,,hom,9.88514,1,chr5,90840713,,C,A,9.88514,,"DP=1;SGB=-0.379885;MQ0F=0;AC=2;AN=2;DP4=0,0,0,1;MQ=60",GT:PL,"1/1:39,3,0"
18231,chr19,49010552,49010552,C,A,exonic,RUVBL2,,nonsynonymous SNV,RUVBL2:NM_006666:exon9:c.C728A:p.S243Y,,,,,,,8.295e-06,0,0,0,0,1.503e-05,0,0,,,,,,rs776254813,,,,,,,,,,,,,,,,,0.99,0.615,D,0.907,0.655,P,0.000,0.843,D,1,0.810,D,2.725,0.800,M,0.74,0.505,T,,,,0.896,0.918,-0.206,0.775,T,0.344,0.709,T,0.144,0.827,D,6.641,0.911,32.0,0.996,0.712,0.983,0.811,D,c,0.859,0.796,1.000,0.467,0.732,0.924,0,4.9,0.635,4.363,0.590,0.935,0.490,1.000,0.715,0.999,0.750,15.949,0.795,AAA+ ATPase domain|P-loop containing nucleoside triphosphate hydrolase|TIP49\x2c C-terminal,,,4.062e-06,0,0,0,0,0,8.956e-06,0,0,,,,,,,,,hom,3.7766,1,chr19,49010552,,C,A,3.7766,,"DP=1;SGB=-0.379885;MQ0F=0;AC=2;AN=2;DP4=0,0,0,1;MQ=60",GT:PL,"1/1:31,3,0"
15071,chr16,28592404,28592404,C,T,exonic,SULT1A2,,nonsynonymous SNV,"SULT1A2:NM_001054:exon7:c.G634A:p.G212R,SULT1A2:NM_177528:exon7:c.G634A:p.G212R",0.0002,,,0.001,,,3.295e-05,0,0,0.0005,0,0,0,0,,,,,,rs183030982,,,,,,,,,,,,,,0.033,0.477,D,0.997,0.689,D,0.933,0.651,D,0.002,0.384,N,0.903,0.362,D,3.73,0.950,H,-2.58,0.898,D,-4.31,0.774,D,0.534,0.573,1.084,0.990,D,0.847,0.949,D,0.073,0.718,D,6.761,0.922,32.0,0.999,0.980,0.963,0.684,D,c,0.797,0.720,1.000,0.747,0.651,0.465,0,4.98,0.655,5.782,0.684,0.847,0.346,1.000,0.715,0.924,0.398,15.796,0.781,P-loop containing nucleoside triphosphate hydrolase|Sulfotransferase domain,,,4.061e-05,0,0,0,0.0006,0,0,0,0,6.462e-05,0,0,0,0.0012,0,0,0,het,222.0,306,chr16,28592404,,C,T,222.0,,"DP=306;VDB=0.453232;SGB=-0.693147;RPB=0.410269;MQB=0.701903;MQSB=0.857133;BQB=0.0444485;MQ0F=0.00653595;ICB=1;HOB=0.5;AC=1;AN=2;DP4=52,83,45,71;MQ=55",GT:PL,"0/1:255,0,255"
9085,chr9,19352616,19352616,T,G,exonic,DENND4C,,nonsynonymous SNV,DENND4C:NM_017925:exon25:c.T4585G:p.F1529V,0.001,,,0.005,,,0.0002,0,0,0.0021,0,0,0.0023,0.0003,,,,,,rs186878103,,,,,,,,,,,,,,,,,1.0,0.899,D,0.998,0.875,D,0.000,0.843,D,1.000,0.810,D,3.06,0.872,M,3.17,0.076,T,,,,0.922,0.932,-0.697,0.606,T,0.201,0.558,T,0.022,0.450,T,6.611,0.908,32.0,0.991,0.534,0.991,0.917,D,c,0.792,0.746,1.000,0.747,0.707,0.730,0,4.96,0.650,8.017,0.886,1.061,0.807,1.000,0.715,1.000,0.888,14.810,0.695,,,,0.0002,0,0,0,0.0016,0,0,0.0004,0.0003,6.458e-05,0,0,0,0.0012,0,0,0,het,222.0,82,chr9,19352616,,T,G,222.0,,"DP=82;VDB=0.332479;SGB=-0.693139;RPB=0.989399;MQB=1;MQSB=1;BQB=0.990166;MQ0F=0;ICB=1;HOB=0.5;AC=1;AN=2;DP4=14,24,9,27;MQ=60",GT:PL,"0/1:255,0,255"
9307,chr9,96364475,96364475,T,A,exonic,SLC35D2,,nonsynonymous SNV,"SLC35D2:NM_001286990:exon3:c.A268T:p.I90F,SLC35D2:NM_007001:exon3:c.A268T:p.I90F",0.001,,,0.005,,,0.0002,0,0,0.0028,0,0,0,6.06e-05,,,,,,rs74939645,,,,,,,,,,,,,,0.005,0.632,D,0.997,0.689,D,0.991,0.782,D,0.000,0.559,D,0.999,0.456,D,2.715,0.797,M,0.5,0.639,T,-3.19,0.701,D,0.645,0.667,-0.396,0.722,T,0.342,0.708,T,0.077,0.727,D,6.643,0.911,32.0,0.988,0.456,0.708,0.345,D,c,0.418,0.417,0.755,0.234,0.706,0.609,0,4.68,0.582,3.041,0.492,1.038,0.658,1.000,0.715,1.000,0.888,11.766,0.510,Sugar phosphate transporter domain,,,0.0002,0,0,0,0.0021,0,0,0,3.284e-05,9.686e-05,0,0,0,0.0018,0,0,0,het,222.0,108,chr9,96364475,,T,A,222.0,,"DP=108;VDB=0.0802613;SGB=-0.693147;RPB=0.722561;MQB=1;MQSB=1;BQB=0.905008;MQ0F=0;ICB=1;HOB=0.5;AC=1;AN=2;DP4=36,24,31,14;MQ=60",GT:PL,"0/1:255,0,255"
9902,chr10,13195181,13195181,G,A,exonic,MCM10,,nonsynonymous SNV,"MCM10:NM_018518:exon14:c.G1886A:p.R629Q,MCM10:NM_182751:exon14:c.G1889A:p.R630Q",0.0006,,,0.003,,,0.0002,0,0,0.0017,0,6.416e-05,0.0012,0,0.0002,,0.0002,0.011,,rs75614526,,,,,,,,,,,,,,0.118,0.290,T,0.999,0.764,D,0.953,0.676,D,0.000,0.629,D,1.000,0.499,D,3.085,0.876,M,1.25,0.365,T,-2.0,0.461,N,0.449,0.502,-0.892,0.488,T,0.122,0.424,T,0.045,0.617,D,6.786,0.924,32.0,0.999,0.999,0.823,0.413,D,c,0.525,0.460,1.000,0.489,0.707,0.730,0,5.5,0.813,3.449,0.525,1.026,0.645,0.625,0.277,0.989,0.536,16.284,0.825,Replication factor Mcm10\x2c C-terminal,,,0.0002,0,0,0,0.0021,0,5.401e-05,0.0002,3.255e-05,6.458e-05,0,0,0,0.0006,0,6.665e-05,0,het,222.0,62,chr10,13195181,,G,A,222.0,,"DP=62;VDB=0.0881712;SGB=-0.693054;RPB=0.998265;MQB=1;MQSB=1;BQB=0.750519;MQ0F=0;ICB=1;HOB=0.5;AC=1;AN=2;DP4=13,14,12,16;MQ=60",GT:PL,"0/1:255,0,255"
20434,chrX,154532257,154532257,C,T,exonic,G6PD,,nonsynonymous SNV,"G6PD:NM_000402:exon12:c.G1478A:p.R493H,G6PD:NM_001042351:exon12:c.G1388A:p.R463H",0.0013,,,0.0065,,,0.0004,0,0,0.0055,0,0,0.0017,0.0001,,,,,,rs72554664,,,other|other|other|other|other|Pathogenic|Pathogenic,G6PD_KAIPING|G6PD_ANANT|G6PD_DHON|G6PD_PETRICH-LIKE|G6PD_SAPPORO-LIKE|not_provided|Anemia\x2c_nonspherocytic_hemolytic\x2c_due_to_G6PD_deficiency,RCV000011120.2|RCV000011121.2|RCV000011122.2|RCV000011123.2|RCV000011124.2|RCV000079399.3|RCV000174271.1,MedGen|MedGen:OMIM:Orphanet,CN221809|C2720289:300908:ORPHA466026,,,,,,,0.001,0.784,D,0.994,0.647,D,0.777,0.553,P,0.000,0.843,D,1,0.810,D,3.25,0.900,M,-6.99,0.998,D,-4.46,0.778,D,0.956,0.953,0.965,0.966,D,0.993,0.998,D,0.951,0.997,D,6.742,0.920,32.0,0.999,0.954,0.838,0.426,D,,,,1.000,0.747,,,,5.7,0.886,7.338,0.783,0.931,0.441,1.000,0.715,0.996,0.625,14.094,0.644,Glucose-6-phosphate dehydrogenase\x2c C-terminal,,,0.0005,0,0,0,0.0070,0,0,0,5.258e-05,0.0003,0,0,0,0.0069,0,0,0,hom,225.0,29,chrX,154532257,,C,T,225.0,,"DP=29;VDB=0.375052;SGB=-0.692914;MQSB=1;MQ0F=0;AC=2;AN=2;DP4=0,0,12,13;MQ=60",GT:PL,"1/1:255,75,0"
7360,chr6,167952047,167952047,C,G,exonic,MLLT4,,nonsynonymous SNV,"MLLT4:NM_001207008:exon28:c.C4621G:p.R1541G,MLLT4:NM_001040000:exon29:c.C4672G:p.R1558G,MLLT4:NM_001291964:exon29:c.C4549G:p.R1517G",,,,,,,0.0003,0.0009,0,0.0001,0,0.0004,0,0,,,,,,rs78967307,,,,,,,,,,,,,,0.0,0.912,D,0.999,0.899,D,0.994,0.916,D,0.000,0.843,D,1.000,0.588,D,1.04,0.263,L,3.31,0.531,T,-4.56,0.817,D,0.911,0.901,-0.505,0.685,T,0.271,0.643,T,0.132,0.815,D,6.751,0.921,32.0,0.999,0.964,0.980,0.788,D,c,0.734,0.699,1.000,0.500,0.707,0.730,0,5.34,0.759,4.295,0.586,0.852,0.362,1.000,0.715,0.995,0.604,19.072,0.931,,,,4.209e-06,0,0,0,0,0,9.369e-06,0,0,,,,,,,,,het,5.34814,44,chr6,167952047,,C,G,5.34814,,"DP=44;VDB=0.0402698;SGB=-0.636426;RPB=0.0342181;MQB=0.989637;MQSB=0.965521;BQB=0.0342181;MQ0F=0;ICB=1;HOB=0.5;AC=1;AN=2;DP4=12,16,7,0;MQ=59",GT:PL,"0/1:39,0,255"
18209,chr19,48450668,48450668,C,T,exonic,GRWD1,,nonsynonymous SNV,GRWD1:NM_031485:exon5:c.C685T:p.R229C,0.0012,,0.0014,0.005,,,0.0003,0,8.67e-05,0.0037,0,1.538e-05,0,0,,,,,,rs200765474,,,,,,,,,,,,,,0.071,0.351,T,0.997,0.689,D,0.772,0.551,P,0.000,0.843,D,1,0.810,D,2.695,0.791,M,4.96,0.014,T,-3.43,0.673,D,0.835,0.822,-1.080,0.073,T,0.012,0.045,T,0.034,0.552,D,6.539,0.900,31.0,0.999,0.979,0.952,0.635,D,c,0.610,0.522,0.999,0.387,0.707,0.730,0,3.69,0.413,4.013,0.566,0.852,0.362,1.000,0.715,0.890,0.374,10.674,0.448,WD40-repeat-containing domain|WD40/YVTN repeat-like-containing domain,,,0.0003,0,5.959e-05,0,0.0042,0,9.033e-06,0.0002,0,0.0003,0,0,0,0.0049,0,0,0,het,221.0,26,chr19,48450668,,C,T,221.0,,"DP=26;VDB=0.136001;SGB=-0.690438;RPB=0.73572;MQB=1;MQSB=1;BQB=0.275334;MQ0F=0;ICB=1;HOB=0.5;AC=1;AN=2;DP4=5,0,10,7;MQ=60",GT:PL,"0/1:255,0,61"
15882,chr17,28351776,28351776,G,A,exonic,POLDIP2,,nonsynonymous SNV,"POLDIP2:NM_001290145:exon7:c.C593T:p.T198M,POLDIP2:NM_015584:exon7:c.C647T:p.T216M",,,,,,,1.658e-05,0,0,0,0,3.001e-05,0,0,,,,,,rs782229878,,,,,,,,,,,,,,,,,1.0,0.899,D,0.951,0.672,D,,,,,,,2.87,0.836,M,,,,,,,0.433,0.488,,,,,,,0.109,0.786,D,6.570,0.904,31.0,0.924,0.212,0.975,0.749,D,n,1.950,0.143,1.000,0.747,0.359,0.048,0,5.95,0.964,9.572,0.973,1.048,0.713,1.000,0.715,0.986,0.517,20.402,0.990,,,,1.219e-05,0,0,0,0,0,2.687e-05,0,0,3.232e-05,0,0,0,0,0,6.67e-05,0,hom,8.138689999999999,1,chr17,28351776,,G,A,8.138689999999999,,"DP=1;SGB=-0.379885;MQ0F=0;AC=2;AN=2;DP4=0,0,1,0;MQ=60",GT:PL,"1/1:37,3,0"
